customer_id,customer_name,country,created_at
00001,Brenda Duncan,MD,2024-01-14 09:49:52
00002,Katrina Diaz,DZ,2025-01-30 08:12:03
00003,Joseph Baker,AZ,2025-03-23 18:41:39
00004,Luke Cunningham,MA,2026-02-14 19:59:13
00005,Ryan Rivera,,2026-01-04 12:38:54
00006,Tyler Higgins,,2026-04-06 19:50:14
00007,Justin Collins,GH,2024-10-27 04:16:06
00008,Casey Bishop,NL,2024-12-27 23:20:17
00009,Lisa Escobar,MX,2024-05-02 20:40:27
00010,Julie Clark,AG,2024-12-29 14:18:51
00011,,KH,2025-01-21 10:15:21
00012,Heather Contreras,WS,2025-05-10 20:46:37
00013,Patricia Thomas,CF,2024-08-17 01:52:26
00014,Douglas Ramirez,AR,2024-03-08 06:26:28
00015,Monique Newman,SI,2025-08-13 15:42:27
00015,Monique Newman,SI,2025-08-13 15:42:27
00016,Sharon Ramirez,,2024-02-15 21:12:01
00017,Stephen Dunn,SI,2024-03-16 20:19:35
00018,,BR,2025-01-31 08:20:45
00019,Amanda Rodriguez,GM,2024-05-17 10:05:01
00020,Jared Singh DVM,SO,2024-09-12 15:27:16
00021,Ruth Cross,AU,2026-06-18 22:53:40
00022,Margaret Griffin,MZ,2026-02-16 23:15:07
00023,Lori Rivera,AM,2024-05-18 06:39:38
00024,Scott Wilson,,2024-06-18 09:20:09
00025,Edward Matthews,CG,2024-02-26 01:15:08
00026,,YE,2025-05-25 03:13:55
00027,Virginia Bates,KN,2024-03-20 17:16:22
00028,Charles Lowery,VU,2026-06-27 17:53:57
00029,Kathryn Dillon,ET,2025-01-16 00:39:14
00030,Lisa Raymond,AE,2026-03-07 11:23:49
00031,Melanie Morris,HR,2025-02-19 15:19:40
00032,Cynthia Carson,OM,2026-05-03 03:41:04
00033,Maria Hughes,CO,2025-07-16 14:34:16
00034,Craig Carroll,ER,2024-07-11 11:25:55
00035,Brian Cook,BO,2025-04-09 18:54:58
00036,David Nichols,CF,2024-06-08 10:19:48
00037,Dr. Randy Palmer,BD,2025-04-16 08:03:57
00038,James Downs,KW,2026-06-29 02:09:09
00039,Mark Johnson,RO,2024-11-01 06:40:52
00040,Richard Wright,,2025-02-16 02:31:39
00041,Robert Walker,LI,2024-06-23 02:36:15
00042,Billy Benson,LI,2024-05-14 01:37:11
00043,Chris Smith,RS,2026-03-04 22:06:15
00044,Amanda Carr,AL,2024-12-25 21:07:32
00045,Megan Schmidt,YE,2024-09-10T00:02:46
00046,Kaitlin Lambert,GM,2024-07-05 16:58:25
00047,Scott Mathis,GN,2025-09-16 10:02:02
00048,Lisa Taylor,GQ,2026-05-09 17:38:54
00049,Roberta Bennett,BE,2024-11-20 06:43:08
00050,Zachary Castillo Jr.,BF,2026-06-22 19:16:54
00051,Robert Galvan,GH,2024-02-19 20:09:16
00052,Wesley Hansen,CG,2024-03-11 14:00:22
00053,Tracey Jones,,2026-05-01 10:18:08
00054,Stephanie Nash,PE,2024/06/18
00055,,UZ,2025-07-11 20:11:15
00056,Zachary Cole,ZM,1714030933
00057,Jerry Rice,TM,2024-06-01 18:02:19
00057,Jerry Rice,TM,2024-06-01 18:02:19
00058,Sophia Johnston,ZM,2026-04-13 11:13:10
00059,Russell Sawyer,PA,2026-05-19 18:12:45
00060,Austin Hines,UZ,2025-03-26 23:23:42
00061,Laura Holt,BW,2024-11-15 20:56:32
00062,Michael Ramos,CD,2025-11-27 17:20:17
00063,Robin Bailey,LC,2024-04-18 04:59:54
00064,Tamara Garza,NR,2024-05-08 00:45:04
00065,Tammy May,CF,2025-08-23 02:17:49
00066,Thomas White,GQ,2025-06-29 01:09:48
00067,Timothy Carrillo,BO,2024-01-09 12:45:24
00068,Wayne Hansen,MG,2024-05-11 10:21:30
00069,Tricia Figueroa,VC,2025-10-20 11:24:49
00070,Kristen Fernandez,SG,2025-05-24 12:15:31
00071,John Hubbard,IE,2025-12-03 09:00:41
00072,Nicole Jackson,,2025-01-27 00:57:09
00073,Donna Turner,ET,2025-10-16 11:22:01
00074,Timothy Wright,CV,2025-09-23 03:34:54
00075,Roger King,SG,2026-03-11 05:36:26
00076,Nancy Armstrong,ES,2025-09-07 20:03:23
00077,Amy Rice,GW,2025-05-15 20:56:59
00078,Michael Bradley,SR,2025-01-27T18:49:23
00079,Ashley Brown,GW,2025-10-18 21:03:17
00080,Cynthia Bailey,MW,2024-05-30 12:52:54
00081,Beth Gray,AG,2024-04-06 10:51:52
00082,Melissa Oliver,TH,2024-11-21 17:01:19
00083,Antonio Walker,JP,2025-12-10 01:29:29
00084,Cynthia Turner,RW,2024-10-14 14:37:39
00085,Mrs. Michelle Schultz PhD,UY,2025/07/30
00086,Breanna Joseph,BF,2025-02-19 19:21:15
00087,Christy Sawyer,OM,2024-12-30 19:48:22
00088,John Jones,BZ,2024-10-14 21:21:03
00089,Derek Browning,GD,2025-07-15 17:21:20
00090,Mr. Kyle Hughes,RS,2024-12-16 05:46:36
00091,Michael Pearson,BE,2025-01-19 03:38:29
00092,Tanya Carter,BR,2024-09-21 08:25:35
00093,Robert Guerra,GA,2024-11-30 04:00:33
00094,Tracey Turner,LK,2025-12-16 18:17:06
00095,Ashley Myers,LS,2024-04-22 17:56:08
00096,Emma Wells,AF,2024-03-01 13:42:10
00097,Katelyn Love,FR,2024-01-13 03:28:32
00098,Terry Rush,SA,2025-09-29 10:37:13
00099,Brandi Brown,,2024-10-19 14:50:23
00100,Jennifer Grant,AL,2025-11-30 01:23:48
00101,Linda Gutierrez,SB,2025-02-03 22:09:32
00102,Glenn Morales,CO,2025-01-02 11:53:54
00103,Dustin Anderson,,2024-11-29 13:38:38
00104,Lori Hoffman,FR,2026-01-04 13:26:10
00105,Mrs. Heather Collins PhD,KR,2025-09-28 13:25:57
00106,Shannon Sims,VU,2024-02-22 01:28:16
00107,Angelica Hernandez,ZA,2024-05-04 14:11:26
00108,Kevin Neal,UZ,2024-01-07 11:28:23
00109,Nicholas Oliver,IN,2024-07-22 21:47:29
00110,Yesenia Cummings,MY,2024-11-20 20:43:58
00111,Jessica Andrade,CM,2024-08-27 07:02:12
00112,Ruth Williams,RW,2026-01-26 20:47:13
00113,Christopher Baker,TV,2025-02-03 10:30:13
00114,William Johnson,KN,2025-08-20T22:22:10
00115,Thomas Smith,VC,NULL
00116,Dawn Dunn,GD,2025-04-14 07:30:20
00117,William Butler,BW,2026-02-09 10:34:22
00118,Curtis Ford,MK,2026-02-21 11:26:37
00119,Donna Reynolds,KZ,2024-05-10 15:40:31
00120,Betty Williams,SG,2025-06-15 16:22:46
00121,Robert Cole,LB,2024-02-21 21:46:15
00122,Patricia Fields,ME,2024-05-10 09:28:46
00123,John Lawrence,ME,2026-01-31 02:43:14
00124,Julia Simpson,LA,2024-04-02 15:08:43
00125,Jeremy Sellers,NA,2024-01-07 22:18:23
00126,Erica Smith,TT,2025-12-07 02:06:42
00127,Daniel Smith,CY,2026-04-30 21:57:16
00128,Kim Evans,SV,2024-12-30 19:26:50
00129,Frank Hall,LU,2025-12-08 16:09:33
00130,Teresa Rubio,TJ,2024-03-29 19:21:01
00131,Dawn Carlson,BJ,2026-03-04 13:38:08
00132,Susan Brennan,SK,2024-07-05 13:00:41
00133,Mark Walker,KZ,2025-12-16 15:59:18
00134,Kyle Williams,US,2025-02-01 01:26:25
00135,Mary Lopez,FM,2024-09-07 05:21:29
00136,Kimberly Mckee,UG,2024-05-02 15:09:50
00137,Michelle Blanchard,NP,2026-03-01 01:17:52
00138,Sheila Bates,SM,2025-09-15 11:53:05
00139,Sara Woods,CF,2024-08-29 04:31:59
00140,Mr. Sean Young,NE,2024-11-06 03:43:04
00141,Robert Day,AO,2025-11-08 05:06:30
00142,Elizabeth Morris,PA,2025-06-27 23:52:55
00143,Tasha Wheeler,BW,2025-06-07 05:43:45
00144,Erin Rodriguez,,2024-08-12 11:06:35
00145,Tracy Ball,AT,2026-04-03 05:59:40
00146,Andre Fletcher,IT,2026-02-20 20:43:36
00147,Mary Nichols,BH,2024-01-19 15:47:19
00148,Sylvia Thomas,KW,2025-11-03 14:39:42
00149,Joseph Proctor,ST,2026-06-14 10:18:31
00150,Jack Valentine,RO,2025-07-12 22:11:52
00151,Kevin Fernandez,AZ,2026-06-19 19:58:10
00152,William Patrick,MT,2025-10-25 01:17:41
00153,Megan Mason,MR,2024-10-07 10:18:57
00154,Brittany Carrillo,RS,2026-04-21 21:58:34
00155,Helen Williams,SG,2025-06-04 00:26:46
00156,Martin Castaneda,KE,2025-09-09 16:23:43
00157,Cody Barron,SY,2025-07-06 15:55:27
00158,Shawn Cooley,IT,2026-06-15 03:27:58
00159,Megan Page,ML,NULL
00160,Kevin Weaver,VC,2024-04-12 08:08:12
00161,Gregory Perez,DO,2025-01-02 14:38:54
00162,Judy Walsh,MM,2025-03-27 19:56:08
00163,James Rogers,TJ,2026-04-15 23:53:01
00164,Brandy Stephens,AE,2026-04-06 11:13:45
00165,Mr. Stephen Cook,IT,2025-02-09 14:54:23
00166,Jessica Hanson,,2024-03-25 14:30:02
00167,Jamie James,CF,2025-01-21 11:24:06
00168,Brian Wilson,KG,2024-03-11 21:26:15
00169,Jesse Madden,LV,2024-07-18 17:01:55
00170,Jessica Campbell,UY,2024-10-19 13:50:02
00171,Jessica Shea,VA,2025-12-31 23:02:07
00172,Larry Lee,CI,2025-07-29 07:34:58
00173,Justin Lawrence,CL,2025-02-10 01:46:14
00174,Jonathan Ramirez,ML,2025-06-12 10:02:46
00175,Kathleen Hancock,BD,2024-03-08 12:36:39
00176,Jason Fernandez,UA,2025-04-26 20:50:26
00176,Jason Fernandez,UA,2025-04-26 20:50:26
00177,Amanda Wright,BZ,2024-08-07 18:41:53
00178,Allison Ramirez,TW,2026-06-25 05:05:21
00179,Stacey Trevino,SG,2025-04-26 23:40:58
00180,Roberta Brown,PL,2025-03-29 21:29:55
00181,Tyler Flores,GH,2024-03-20 21:59:24
00182,Lindsey Stark,PL,2025-06-25 02:38:56
00183,Dennis Foster,SE,2024-05-12 03:32:11
00184,Katie Park,LK,2025-03-18 11:16:32
00185,Luis Becker,LS,2025/10/17
00186,Melinda Atkinson,MV,2026-03-02T16:16:20
00187,Angela Marshall,DM,NULL
00188,Curtis Castillo,MR,1775054176
00189,Janice Wells,MG,2025-11-25 04:05:12
00190,,CF,2024-04-08 13:36:37
00191,Judy Black,ID,2025-10-21 00:33:26
00192,Kimberly Price,CR,2025-07-24 20:51:02
00193,Rick Villarreal,NI,2025-12-03 10:21:11
00194,James Miller,SL,2024-10-24 01:09:51
00195,,HU,2024-02-23 17:38:44
00196,Warren Harris,ZA,2024-05-03 02:13:21
00197,Brandon Garcia,MN,2025-06-26 18:07:25
00198,Amber Prince,BA,2025-08-20 02:51:57
00199,,SD,2024-08-18 03:35:49
00200,Anthony Jackson,BD,2024-04-30 23:50:18
00201,George Shaffer,VC,2025-11-03 06:27:50
00201,George Shaffer,VC,2025-11-03 06:27:50
00202,Jennifer Avila,RU,2025-11-17 17:48:17
00203,Michele Winters,MW,2026-06-21 01:25:34
00204,Jennifer Rivers,KE,2025-06-01 18:57:18
00205,Sharon Hernandez,QA,2025-03-22 17:24:36
00206,David Gill,ZA,2024-01-19 08:00:52
00207,Kara Reid,AD,2026-02-18 16:59:39
00208,Juan Thompson,,2025-06-10 07:03:45
00209,James Martin,LU,2025-06-01 14:41:22
00210,Larry House,NL,2026-02-20 03:21:34
00211,Elizabeth Yoder,PG,2025-07-01T18:11:03
00212,Alex Nichols,BA,2025-10-03 08:15:30
00213,Deborah Vargas,PE,2024-10-07 18:00:14
00214,Brittney George,TG,2025-01-15 15:22:27
00215,Trevor Martin,ER,2026-01-30 07:04:40
00216,Michelle Ramos,LI,2025-12-30 18:33:15
00217,Megan Curtis,,2025-05-08 11:11:40
00218,Mary Young,ZA,2024-12-21 23:48:10
00219,Christopher Day,CM,2026-03-05 10:55:48
00220,Matthew Howell,TG,2025-01-22 17:31:28
00221,Linda Ramirez,EC,2024-07-27 19:59:56
00222,Michelle Bryan,LR,2025-09-10 09:18:41
00223,,LU,2026-03-17 06:43:24
00224,Austin Johnston,CI,2024-01-08 14:10:55
00225,,CH,2025-04-03 02:23:42
00226,Donna Green,PH,2025-12-19 13:23:31
00227,Christopher Stewart,TZ,2024-12-09 23:47:36
00228,Patricia Roberts,AG,2025-12-23 17:44:29
00229,Nicole Schneider,DO,2026-04-20 07:35:46
00230,Sharon Mayer,GE,2024-10-06 20:19:55
00231,Angela Oneal,,2026-02-13 00:16:23
00232,Brandon Martin,SI,2024-02-20 06:43:13
00233,,FI,2025-10-22 05:29:55
00234,Justin Saunders,SM,2024-10-29 23:48:56
00235,Jeffrey Martinez,BG,2024-10-27 12:14:13
00236,,CM,2025-07-31 10:34:28
00237,Bradley Rosario,AT,1768361489
00238,Jay Shah,PS,2024-04-09 09:50:44
00239,,BB,2024-01-27 16:57:42
00240,Tami Marquez,CI,2026-02-16 23:12:02
00241,Robert Mendoza,YE,2026-04-07 19:03:06
00242,Nicole Stewart,,2024-02-07 05:09:29
00243,Michael Holland,PT,2024-02-16 10:51:25
00244,Christine Baker,US,2024-10-14 07:31:32
00244,Christine Baker,US,2024-10-14 07:31:32
00245,Joshua Holt,,2025-07-03 11:41:55
00246,Benjamin Carr,LU,2024-07-18 19:23:37
00247,Vickie Black,GN,2024-09-18 07:08:38
00248,Jimmy Bennett,KR,2025-03-11 04:18:11
00249,Nicholas Olsen,,2025-11-04 13:21:45
00250,John Carrillo,GQ,2024-07-13 03:40:37
00251,Robert Christian,HU,2025-06-03 01:36:26
00252,Victoria Mcguire,PT,2025-09-09T08:05:07
00253,David Sherman,BW,2025-09-17 01:16:13
00254,Jill Baker,KN,2026-02-19 11:04:35
00255,Adrienne Hall,ZW,2024-07-01 02:21:20
00256,John Evans,KP,2026-05-04 18:40:34
00257,Lawrence Wheeler,GB,2025/08/06
00258,David Woods,UZ,2025-10-24 05:02:38
00259,Michelle Miller,CR,2024-06-30 19:45:24
00260,Beverly Cowan,BF,2025-01-07 03:32:22
00261,Sherry Snow MD,KM,2026-03-26 19:38:38
00262,Teresa Turner,SV,2024-03-26 12:31:05
00263,Scott Underwood MD,CZ,2024-11-19 13:34:28
00264,Jessica Sanders,SE,2025/11/11
00265,Elizabeth Walton,GQ,2026-01-22 20:54:20
00265,Elizabeth Walton,GQ,2026-01-22 20:54:20
00266,,ES,2024-11-11 14:20:25
00267,Patrick Moran,SL,2024-03-09 06:59:43
00268,Alexandra Jones,RW,2024-07-16 01:36:41
00269,Jeremy Perkins,RS,2025-04-12 22:37:06
00270,Paula Turner,LI,2025-07-18 12:39:30
00271,Jason Bennett,PG,2024-08-25 16:51:41
00272,Lauren Holloway,LV,2026-01-31 04:00:25
00273,Grace Reynolds,UA,2024-06-24 08:43:00
00274,Douglas Jackson,CM,2025-02-21 11:35:25
00275,James Hodges,SI,2026-02-17T23:45:03
00276,Corey Harrell,TL,2025-12-21 19:04:19
00277,Laura Roberts,BE,2025-05-21 11:40:40
00278,Jose Gaines,DJ,2024-11-16 10:07:15
00279,Cassandra Rivera,ME,2025-08-23 11:11:35
00280,Amanda Jackson,PG,2026-01-12 23:24:15
00281,Diana Higgins,PW,2024-11-15 06:27:47
00282,Brian Garcia,MY,2025-06-04 08:47:29
00283,Matthew Graham,KI,2026-04-21 20:42:57
00284,Ashley Mercado,MW,2025-03-01 18:34:44
00285,Martin Reid,UZ,2026-03-07 16:11:23
00286,Rachel Lopez,VA,2026-06-14 15:45:26
00287,Laura Cruz,LS,2025-03-22 17:53:22
00288,Caroline Smith,VU,2026-02-04 08:27:03
00289,Christine Douglas,GE,2025-12-10 07:07:20
00290,Erika Hill,ZM,2024-05-09 03:12:15
00291,Dr. Chelsea Simmons,LC,2025-06-01 13:32:57
00292,Jasmin Henson,SD,2026-03-06 01:08:34
00293,Christopher Watkins,GM,2026-04-16 13:57:09
00294,Nicole Tran,SE,2026-05-30 00:25:10
00295,Ruth Carter,SD,2024-12-19 19:22:14
00296,Kelly Moore,CF,2024-03-21 07:56:24
00297,,PK,2025-06-02 02:09:46
00298,Daniel Walters,MW,2025-02-05 14:01:20
00299,Victoria Santos,LV,2024-03-06 10:06:02
00300,Andrew Welch,RS,NULL
00301,James Mason,WS,2026-03-03 11:41:45
00302,Anna Thomas,KW,2025-12-27 21:23:25
00303,Jenny Marks,BF,2025-11-27 21:27:20
00304,Jason Savage,CH,2025-02-23 14:13:48
00305,Monica Davis,IT,2026-01-28 14:03:52
00305,Monica Davis,IT,2026-01-28 14:03:52
00306,Timothy Diaz,,2025-01-13 12:07:35
00307,Kristen Morales,LV,2024-03-08 03:47:30
00308,Larry Bautista,SL,2024-06-26 17:59:51
00309,Nicholas Ingram,DE,2024-09-03 19:58:44
00310,Katelyn Walker,VC,2024-01-25 04:54:06
00311,Jo Rogers,BW,2025-08-16 18:02:42
00312,Marissa Powell,ET,2024-11-16 03:41:12
00313,Marie Howard MD,BR,2024-07-18 05:36:16
00314,Kristen Walker,VN,2024/11/05
00315,Kyle Watts,TJ,2026-04-28 08:11:54
00316,Shelly Ramos,KE,2026-06-22 09:53:19
00317,Monique Haynes,SN,2025-03-05 21:13:35
00318,Mackenzie Morris,JP,2026-04-25 22:29:25
00319,David Reed,MM,2024-02-04 08:52:41
00320,Cassandra Cox,ZM,2026-02-03 03:45:22
00321,Jacob House,ET,2025-09-14 11:38:58
00322,Morgan Jennings,SO,2025-05-15 03:50:32
00323,Ashley Deleon,ER,2026-06-03 19:43:16
00324,Matthew Davis,MA,2024-10-06 15:10:20
00325,Jeffrey Goodman,LS,2024-11-19 08:16:30
00326,Alan Harris,NE,2026-05-04 08:46:33
00327,Michael Wolf,QA,2025/03/06
00328,John Morgan,ZA,2025-11-24 08:11:49
00329,Lisa Tapia PhD,PL,2025-03-10 22:47:35
00330,Joshua Flynn,CZ,1746259648
00331,Gregory Taylor,PW,2025-06-08 23:18:01
00332,Melissa Velazquez,BE,2024-01-23 11:55:02
00333,Jennifer Scott,PG,2024-10-06 08:53:14
00334,Susan Jacobs,AL,2025-07-26 07:35:31
00335,Jack Michael,CU,2025-01-31 22:08:33
00336,Brent Martin,TO,2024-11-22 08:37:21
00337,Chloe Ferguson,SV,2025-02-22 22:28:02
00338,Veronica Moore,CF,2024-03-07 19:40:33
00339,Kristin Rose,GQ,2025-01-05 13:33:31
00340,Randy Castro,SZ,2024-01-16 10:21:56
00341,Kristen Turner,PT,2025-07-16 05:32:28
00342,Sonya Floyd,WS,2024-02-06 03:18:25
00343,Cassandra Boyd,TO,2025-07-22 23:30:56
00344,Erin Stark,BO,2024-02-10 07:18:11
00345,Juan Wade,JO,2024-02-12 13:29:48
00346,Brendan Peterson,PW,2025-12-22 12:41:09
00347,Sylvia Campbell,NZ,2025-08-16 14:55:27
00348,Kim Durham,ST,2025-05-23 07:05:11
00349,James Brown,AL,2025-03-11 02:45:14
00350,Jennifer Kerr,,2025-04-21 16:40:29
00351,Olivia Hunt,ER,2024-08-15 23:48:53
00352,Jonathan Mills,CF,2025-09-20 15:13:32
00353,Cindy Arnold,MK,2024-04-23 12:37:20
00354,Lynn Wilson,AD,2025-10-07 16:16:57
00355,Yolanda Warren,TL,2025-04-03 05:20:18
00356,Parker White,MZ,2025-07-15 21:53:51
00357,Benjamin Savage,LI,2026-02-27 12:47:23
00358,Kevin Everett,,2024-06-06 06:48:30
00359,Adam Roberts,,2025-07-25 14:15:35
00360,Adam Novak,,2024-04-05 13:36:49
00361,Mike Smith,CD,2024-12-03 22:50:43
00362,Tyler Ray,ZW,2026-05-09 15:39:58
00363,Emily Martinez,GY,2026-04-24 07:22:08
00364,Brittany Ramirez,FR,2026-05-02 09:00:05
00365,Richard Barnett,NI,2025-03-15 05:58:00
00366,Sarah Walsh,UY,2026-06-06 15:28:57
00367,Denise Simpson,VC,2024-04-02 22:28:14
00368,Krista Ramirez,NI,2024-01-16 08:32:05
00369,Gina Whitehead,NR,2026-03-14 12:23:17
00370,Jody Dodson,ZA,2025-04-27 06:36:17
00371,Caitlin Atkinson,BE,2024-12-20 17:43:16
00372,Alejandro Hughes,,2025-11-19 04:47:12
00373,Zachary Mosley,ST,2025-07-11 07:45:53
00374,Laurie Terry,CO,2024-03-14 23:19:53
00375,Pamela Beard,,2024-04-24 11:51:37
00376,Michael Johnson,AE,2025-06-22 20:58:19
00377,Kimberly Williams,IE,2025-01-21 10:58:29
00378,Kyle Stevenson,PS,2024-05-25 15:44:03
00379,Tiffany White MD,AL,2024-07-11 19:53:06
00380,Patricia Campbell,CF,2025-08-07 22:05:15
00381,Dennis Roth,GA,2026-04-18 14:02:56
00382,Christopher Davis,KH,2026-05-19 09:38:40
00383,Diane Jones,MU,2024-05-10 20:11:30
00384,Andrea Gonzalez,MD,2025-10-03T19:56:37
00385,,PT,2024-06-17 14:06:05
00386,Cameron Ruiz,UY,2025-10-09 17:25:33
00387,Amber Aguilar,AU,2026-06-19 00:31:06
00388,Wendy Bailey,IQ,2026-04-21 16:31:32
00389,Debra White,SY,2024-03-18 12:18:35
00390,Zachary Hull,RS,2024-09-13 15:01:14
00391,Tammy Gonzalez,MX,2025-09-22 04:40:33
00392,Sheena Hoffman,SZ,2025-02-20 00:55:22
00393,,VC,2025-04-29 13:48:13
00394,Elizabeth Jackson,PG,2025-06-18 12:14:24
00395,Christopher Clements,LC,2026-01-18 18:22:41
00396,Donald Perez,SZ,2025-09-25 10:10:36
00396,Donald Perez,SZ,2025-09-25 10:10:36
00397,Amanda Romero,TD,2024-10-28 22:20:29
00398,Rachel Smith,GD,2024-10-28 14:10:37
00399,Steven Barber,MW,2025-11-19 17:30:46
00400,Morgan Forbes,KP,1766384586
00401,Terry Ray,CG,2025-05-19 21:56:55
00402,,AL,2026-06-28 16:29:23
00403,Victoria Roberson,ME,2024-02-19 09:58:05
00404,John Ruiz,EC,2025-05-27 07:33:32
00405,Debra Shaw,DM,2024-02-15 04:09:21
00406,Edwin Sutton,BW,2024-05-10 10:06:34
00406,Edwin Sutton,BW,2024-05-10 10:06:34
00407,Brian Stevens,MM,2025-11-16 05:47:18
00408,Alexis Owens,KM,2025-12-04 02:39:32
00409,Rachel White DDS,MM,2025-03-06 21:05:41
00410,Jennifer Mccormick DVM,VA,1742684377
00411,Luis Sawyer,NP,2025-10-02 15:10:54
00412,Jacqueline Johnson,UA,2025-06-04 00:49:48
00413,Jared Black,AE,2025-12-08 04:50:15
00414,Kristy Butler,BB,2024-06-14 19:40:14
00415,Mr. Matthew Hernandez MD,BJ,2024-08-07 19:18:31
00416,Carolyn Richardson,FM,2026-04-19 16:44:41
00417,Richard Young,IL,2024-01-19 06:42:42
00418,Alexandra Combs,HT,2025-09-06 15:05:36
00419,Alexis Smith,LB,2025-11-06 18:26:15
00420,Michael Duncan,IT,2025-11-22 14:07:45
00421,Lori Myers,VC,2025-06-29 18:06:21
00422,Heidi Chavez,GM,2026-06-12 07:18:33
00423,Tammy Austin,SD,2025-01-27 19:08:44
00424,Kimberly Brewer,,2024-03-07 04:10:15
00425,,FR,2024-07-16 00:39:23
00426,Bradley Day,SA,2025-08-04 19:16:44
00427,Janet Harris,VE,2026-02-19 08:54:23
00428,John Ayala,BN,2026-02-14 03:36:20
00429,Patty Morales,ZM,2025-10-14 14:49:36
00430,Robert Andersen,TW,2026-04-14 04:09:30
00431,William Rios,MA,2025-12-19 16:38:59
00432,Adam Nguyen,WS,2024-10-31 20:28:01
00433,Dean Johnson,CZ,2024-09-18 06:44:55
00434,Eric Reid,CO,2025-09-18 12:47:10
00435,Kristin Tucker,CF,2025-08-16 23:21:57
00436,Jacob Simon,CY,2024/01/19
00437,Roberto Rodriguez,GT,2026-03-04 21:38:03
00438,Sarah Coleman,DM,2026-02-05 23:20:48
00439,Jeffrey Martin,ME,2025-08-06 20:47:33
00440,Michelle Graham,SR,2024-08-28 08:56:06
00441,Tyler Rhodes,VU,1758190355
00442,Tony Aguilar,LS,2024-10-15 20:43:30
00443,Debbie Clark,TJ,2025-11-08 09:36:05
00444,Gary Powell,NG,2024-05-17 07:10:43
00445,Gina Edwards,SN,2025-08-07 23:47:08
00446,Charles Silva,QA,2024-04-27 13:51:30
00447,Danny Allen,AU,2025-05-03 04:41:30
00448,Wendy Warren,LK,2025-04-23 19:25:43
00448,Wendy Warren,LK,2025-04-23 19:25:43
00449,Tamara Chan,BI,2025-01-09 13:11:33
00450,Jacob Williams,BI,2025-06-02 23:23:16
00450,Jacob Williams,BI,2025-06-02 23:23:16
00451,Jill Bryant,BD,2024-08-19 06:34:17
00452,Lisa Landry,CO,2024-05-02 21:27:20
00453,Matthew Richardson,FI,2025/05/07
00454,Gregory Martinez,SI,2024-02-08 09:42:32
00454,Gregory Martinez,SI,2024-02-08 09:42:32
00455,Amy Lowery,AO,2025-06-12 14:13:44
00456,Matthew Dominguez,BY,2026-05-18 13:50:03
00457,Jon Paul DDS,TH,2024-12-20 17:45:21
00458,Juan Garcia,VE,2026-06-03 06:37:29
00459,,CR,2026-01-12 22:03:52
00460,Michelle Washington,DM,2024-05-16 22:39:31
00461,Jason Valdez,PS,2024/09/11
00462,Angel Bird,SY,2025-09-08 12:24:36
00463,,DJ,2025-12-22 11:00:03
00464,Sara Campbell,VE,2025-09-30 20:28:29
00465,,SZ,2026-04-06 01:41:49
00466,Troy Vargas,,2024-12-04 19:24:45
00467,Lisa Shaw,,2025-03-26 18:45:51
00468,David Myers,ML,2026-05-12 07:28:17
00469,Timothy Jones,FI,2026-04-22 16:36:52
00470,Maria Lopez,TD,2026-03-05 01:20:26
00471,Kevin Marshall,NG,2024-07-22 15:33:52
00472,Courtney Martinez,RW,2024-12-11 00:01:25
00473,Heather Parker,NA,2026-05-08 02:43:12
00474,Denise Hughes,GW,2024-07-11 19:35:20
00475,,CU,2026-02-13 21:33:50
00476,Amber Rodriguez,SM,2026-04-02 11:17:05
00477,Shannon Sims,SM,2025-01-19 17:52:31
00478,Jody Miller,IR,2026-01-15 05:32:35
00479,Jennifer Simmons,CU,2024-05-23 10:13:20
00480,Paige Edwards,LC,2025-11-03 10:48:50
00481,Jennifer Dodson,QA,2025-10-27 01:33:23
00482,Douglas Martin,SI,2025-12-08 05:06:07
00483,Brenda Matthews,FM,2024-06-06 16:59:05
00484,Carolyn Simmons,LV,2025-06-16 15:19:16
00485,,VU,2026-02-23 06:36:16
00486,Sydney Wilson,MH,2025-02-25 13:30:38
00487,Richard Williams,DK,2025-08-12 08:31:10
00488,Patrick King,CY,2025-12-18 12:04:09
00489,David Briggs,RS,2024-01-16 17:49:58
00490,Ryan Lambert,NA,2024-03-17 12:06:23
00491,Karen Christian,CD,2025-11-23 10:39:44
00492,Angela Briggs,MH,2025-10-08 06:00:52
00493,Shannon Jones,MG,2025-12-18 18:17:17
00494,Tiffany Smith,IN,2024-03-07 05:59:52
00495,Rebecca Edwards,MN,2025-03-06 20:54:10
00496,Brett Williams,SE,2024-02-22 07:50:34
00497,Paul Williams,RS,2024-09-27 09:43:23
00498,Alex Nguyen,HU,2024-11-29 15:20:31
00499,Veronica Gonzalez,MM,2025-12-05 09:55:35
00500,Nancy Schmidt,VC,2025-09-11 19:06:25
